-- MySQL Script generated by MySQL Workbench
-- seg 27 set 2021 16:30:58
-- Model: New Model    Version: 1.0
-- MySQL Workbench Forward Engineering

SET @OLD_UNIQUE_CHECKS=@@UNIQUE_CHECKS, UNIQUE_CHECKS=0;
SET @OLD_FOREIGN_KEY_CHECKS=@@FOREIGN_KEY_CHECKS, FOREIGN_KEY_CHECKS=0;
SET @OLD_SQL_MODE=@@SQL_MODE, SQL_MODE='ONLY_FULL_GROUP_BY,STRICT_TRANS_TABLES,NO_ZERO_IN_DATE,NO_ZERO_DATE,ERROR_FOR_DIVISION_BY_ZERO,NO_ENGINE_SUBSTITUTION';

-- -----------------------------------------------------
-- Schema Residencias
-- -----------------------------------------------------

-- -----------------------------------------------------
-- Schema Residencias
-- -----------------------------------------------------
CREATE SCHEMA IF NOT EXISTS `Residencias` ;
USE `Residencias` ;

-- -----------------------------------------------------
-- Table `Residencias`.`residencia_tipo`
-- -----------------------------------------------------
CREATE TABLE IF NOT EXISTS `Residencias`.`residencia_tipo` (
  `tipo_id` INT NOT NULL AUTO_INCREMENT,
  `tipo_nome` VARCHAR(60) NOT NULL,
  PRIMARY KEY (`tipo_id`))
ENGINE = InnoDB;


-- -----------------------------------------------------
-- Table `Residencias`.`endereco`
-- -----------------------------------------------------
CREATE TABLE IF NOT EXISTS `Residencias`.`endereco` (
  `endereco_id` INT NOT NULL AUTO_INCREMENT,
  `logradouro` VARCHAR(100) NOT NULL,
  `numero` INT NOT NULL,
  `cidade` VARCHAR(45) NOT NULL,
  `estado` VARCHAR(3) NOT NULL,
  `tipo` INT NOT NULL,
  PRIMARY KEY (`endereco_id`),
  INDEX `tipo_id_idx` (`tipo` ASC) VISIBLE,
  CONSTRAINT `tipo_id`
    FOREIGN KEY (`tipo`)
    REFERENCES `Residencias`.`residencia_tipo` (`tipo_id`)
    ON DELETE NO ACTION
    ON UPDATE NO ACTION)
ENGINE = InnoDB;


-- -----------------------------------------------------
-- Table `Residencias`.`residencia`
-- -----------------------------------------------------
CREATE TABLE IF NOT EXISTS `Residencias`.`residencia` (
  `residencia_id` INT NOT NULL AUTO_INCREMENT,
  `residencia_locador` VARCHAR(60) NOT NULL,
  `endereco` INT NOT NULL,
  PRIMARY KEY (`residencia_id`),
  INDEX `endereco_id_idx` (`endereco` ASC) VISIBLE,
  CONSTRAINT `endereco_id`
    FOREIGN KEY (`endereco`)
    REFERENCES `Residencias`.`endereco` (`endereco_id`)
    ON DELETE NO ACTION
    ON UPDATE NO ACTION)
ENGINE = InnoDB;


-- -----------------------------------------------------
-- Table `Residencias`.`inquilinos`
-- -----------------------------------------------------
CREATE TABLE IF NOT EXISTS `Residencias`.`inquilinos` (
  `inquilino_id` INT NOT NULL AUTO_INCREMENT,
  `nome` VARCHAR(100) NOT NULL,
  `residencia` INT NOT NULL,
  PRIMARY KEY (`inquilino_id`),
  INDEX `residencia_id_idx` (`residencia` ASC) VISIBLE,
  CONSTRAINT `residencia_id`
    FOREIGN KEY (`residencia`)
    REFERENCES `Residencias`.`residencia` (`residencia_id`)
    ON DELETE NO ACTION
    ON UPDATE NO ACTION)
ENGINE = InnoDB;


SET SQL_MODE=@OLD_SQL_MODE;
SET FOREIGN_KEY_CHECKS=@OLD_FOREIGN_KEY_CHECKS;
SET UNIQUE_CHECKS=@OLD_UNIQUE_CHECKS;

-- -----------------------------------------------------
-- Data for table `Residencias`.`residencia_tipo`
-- -----------------------------------------------------
START TRANSACTION;
USE `Residencias`;
INSERT INTO `Residencias`.`residencia_tipo` (`tipo_id`, `tipo_nome`) VALUES (1, 'casa');
INSERT INTO `Residencias`.`residencia_tipo` (`tipo_id`, `tipo_nome`) VALUES (2, 'apartamento');

COMMIT;


-- -----------------------------------------------------
-- Data for table `Residencias`.`endereco`
-- -----------------------------------------------------
START TRANSACTION;
USE `Residencias`;
INSERT INTO `Residencias`.`endereco` (`endereco_id`, `logradouro`, `numero`, `cidade`, `estado`, `tipo`) VALUES (1, 'Rua Norte Sul', 35, 'Belo Horizonte', 'MG', 1);
INSERT INTO `Residencias`.`endereco` (`endereco_id`, `logradouro`, `numero`, `cidade`, `estado`, `tipo`) VALUES (2, 'Av Rodrigues Ramos', 950, 'Salvador', 'BA', 2);
INSERT INTO `Residencias`.`endereco` (`endereco_id`, `logradouro`, `numero`, `cidade`, `estado`, `tipo`) VALUES (3, 'Rua Brusque', 352, 'Ipatinga', 'MG', 2);
INSERT INTO `Residencias`.`endereco` (`endereco_id`, `logradouro`, `numero`, `cidade`, `estado`, `tipo`) VALUES (4, 'Av Atlantica', 254, 'Comboriú', 'SC', 1);

COMMIT;


-- -----------------------------------------------------
-- Data for table `Residencias`.`residencia`
-- -----------------------------------------------------
START TRANSACTION;
USE `Residencias`;
INSERT INTO `Residencias`.`residencia` (`residencia_id`, `residencia_locador`, `endereco`) VALUES (1, 'Doren Fatima', 1);
INSERT INTO `Residencias`.`residencia` (`residencia_id`, `residencia_locador`, `endereco`) VALUES (2, 'Ramon Jonathan', 2);
INSERT INTO `Residencias`.`residencia` (`residencia_id`, `residencia_locador`, `endereco`) VALUES (3, 'Vanderson Judis', 3);
INSERT INTO `Residencias`.`residencia` (`residencia_id`, `residencia_locador`, `endereco`) VALUES (4, 'Carolina Rude', 4);

COMMIT;


-- -----------------------------------------------------
-- Data for table `Residencias`.`inquilinos`
-- -----------------------------------------------------
START TRANSACTION;
USE `Residencias`;
INSERT INTO `Residencias`.`inquilinos` (`inquilino_id`, `nome`, `residencia`) VALUES (1, 'João', 1);
INSERT INTO `Residencias`.`inquilinos` (`inquilino_id`, `nome`, `residencia`) VALUES (2, 'Mária', 1);
INSERT INTO `Residencias`.`inquilinos` (`inquilino_id`, `nome`, `residencia`) VALUES (3, 'Carlos', 1);
INSERT INTO `Residencias`.`inquilinos` (`inquilino_id`, `nome`, `residencia`) VALUES (4, 'Sebastião', 2);
INSERT INTO `Residencias`.`inquilinos` (`inquilino_id`, `nome`, `residencia`) VALUES (5, 'Alfredo', 2);
INSERT INTO `Residencias`.`inquilinos` (`inquilino_id`, `nome`, `residencia`) VALUES (6, 'Marta', 3);
INSERT INTO `Residencias`.`inquilinos` (`inquilino_id`, `nome`, `residencia`) VALUES (7, 'Marizete', 3);
INSERT INTO `Residencias`.`inquilinos` (`inquilino_id`, `nome`, `residencia`) VALUES (8, 'Letice', 4);
INSERT INTO `Residencias`.`inquilinos` (`inquilino_id`, `nome`, `residencia`) VALUES (9, 'Laísa', 4);
INSERT INTO `Residencias`.`inquilinos` (`inquilino_id`, `nome`, `residencia`) VALUES (10, 'Bartolomeu', 4);

COMMIT;

