-- MySQL Script generated by MySQL Workbench
-- seg 27 set 2021 19:05:58
-- Model: New Model    Version: 1.0
-- MySQL Workbench Forward Engineering

SET @OLD_UNIQUE_CHECKS=@@UNIQUE_CHECKS, UNIQUE_CHECKS=0;
SET @OLD_FOREIGN_KEY_CHECKS=@@FOREIGN_KEY_CHECKS, FOREIGN_KEY_CHECKS=0;
SET @OLD_SQL_MODE=@@SQL_MODE, SQL_MODE='ONLY_FULL_GROUP_BY,STRICT_TRANS_TABLES,NO_ZERO_IN_DATE,NO_ZERO_DATE,ERROR_FOR_DIVISION_BY_ZERO,NO_ENGINE_SUBSTITUTION';

-- -----------------------------------------------------
-- Schema herois
-- -----------------------------------------------------
DROP SCHEMA IF EXISTS `herois` ;

-- -----------------------------------------------------
-- Schema herois
-- -----------------------------------------------------
CREATE SCHEMA IF NOT EXISTS `herois` ;
USE `herois` ;

-- -----------------------------------------------------
-- Table `herois`.`criador`
-- -----------------------------------------------------
CREATE TABLE IF NOT EXISTS `herois`.`criador` (
  `id_criador` INT NOT NULL AUTO_INCREMENT,
  `criador_nome` VARCHAR(45) NOT NULL,
  `criador_idade` INT NOT NULL,
  PRIMARY KEY (`id_criador`))
ENGINE = InnoDB;


-- -----------------------------------------------------
-- Table `herois`.`universo`
-- -----------------------------------------------------
CREATE TABLE IF NOT EXISTS `herois`.`universo` (
  `id_universo` INT NOT NULL AUTO_INCREMENT,
  `universo_nome` VARCHAR(45) NOT NULL,
  PRIMARY KEY (`id_universo`))
ENGINE = InnoDB;


-- -----------------------------------------------------
-- Table `herois`.`liga`
-- -----------------------------------------------------
CREATE TABLE IF NOT EXISTS `herois`.`liga` (
  `id_liga` INT NOT NULL AUTO_INCREMENT,
  `liga_nome` VARCHAR(45) NOT NULL,
  `id_universo` INT NOT NULL,
  PRIMARY KEY (`id_liga`),
  INDEX `id_universo_idx` (`id_universo` ASC) VISIBLE,
  CONSTRAINT `id_universo`
    FOREIGN KEY (`id_universo`)
    REFERENCES `herois`.`universo` (`id_universo`)
    ON DELETE CASCADE
    ON UPDATE CASCADE)
ENGINE = InnoDB;


-- -----------------------------------------------------
-- Table `herois`.`heroi`
-- -----------------------------------------------------
CREATE TABLE IF NOT EXISTS `herois`.`heroi` (
  `id_heroi` INT NOT NULL AUTO_INCREMENT,
  `heroi_nome` VARCHAR(45) NOT NULL,
  `id_criador` INT NOT NULL,
  `id_liga` INT NOT NULL,
  PRIMARY KEY (`id_heroi`),
  INDEX `id_criador_idx` (`id_criador` ASC) VISIBLE,
  INDEX `id_liga_idx` (`id_liga` ASC) VISIBLE,
  CONSTRAINT `id_criador`
    FOREIGN KEY (`id_criador`)
    REFERENCES `herois`.`criador` (`id_criador`)
    ON DELETE CASCADE
    ON UPDATE CASCADE,
  CONSTRAINT `id_liga`
    FOREIGN KEY (`id_liga`)
    REFERENCES `herois`.`liga` (`id_liga`)
    ON DELETE CASCADE
    ON UPDATE CASCADE)
ENGINE = InnoDB;


SET SQL_MODE=@OLD_SQL_MODE;
SET FOREIGN_KEY_CHECKS=@OLD_FOREIGN_KEY_CHECKS;
SET UNIQUE_CHECKS=@OLD_UNIQUE_CHECKS;

-- -----------------------------------------------------
-- Data for table `herois`.`criador`
-- -----------------------------------------------------
START TRANSACTION;
USE `herois`;
INSERT INTO `herois`.`criador` (`id_criador`, `criador_nome`, `criador_idade`) VALUES (1, 'Stan Lee', 95);
INSERT INTO `herois`.`criador` (`id_criador`, `criador_nome`, `criador_idade`) VALUES (2, 'Gardner Fox', 75);
INSERT INTO `herois`.`criador` (`id_criador`, `criador_nome`, `criador_idade`) VALUES (3, 'Bill Finger', 60);
INSERT INTO `herois`.`criador` (`id_criador`, `criador_nome`, `criador_idade`) VALUES (4, 'Len Wein', 69);

COMMIT;


-- -----------------------------------------------------
-- Data for table `herois`.`universo`
-- -----------------------------------------------------
START TRANSACTION;
USE `herois`;
INSERT INTO `herois`.`universo` (`id_universo`, `universo_nome`) VALUES (1, 'Marvel');
INSERT INTO `herois`.`universo` (`id_universo`, `universo_nome`) VALUES (2, 'DC');

COMMIT;


-- -----------------------------------------------------
-- Data for table `herois`.`liga`
-- -----------------------------------------------------
START TRANSACTION;
USE `herois`;
INSERT INTO `herois`.`liga` (`id_liga`, `liga_nome`, `id_universo`) VALUES (1, 'Avengers', 1);
INSERT INTO `herois`.`liga` (`id_liga`, `liga_nome`, `id_universo`) VALUES (2, 'X-Men', 1);
INSERT INTO `herois`.`liga` (`id_liga`, `liga_nome`, `id_universo`) VALUES (3, 'Justice League', 2);

COMMIT;


-- -----------------------------------------------------
-- Data for table `herois`.`heroi`
-- -----------------------------------------------------
START TRANSACTION;
USE `herois`;
INSERT INTO `herois`.`heroi` (`id_heroi`, `heroi_nome`, `id_criador`, `id_liga`) VALUES (1, 'Homem Aranha', 1, 1);
INSERT INTO `herois`.`heroi` (`id_heroi`, `heroi_nome`, `id_criador`, `id_liga`) VALUES (2, 'Jen Gray', 2, 2);
INSERT INTO `herois`.`heroi` (`id_heroi`, `heroi_nome`, `id_criador`, `id_liga`) VALUES (3, 'Flash', 3, 3);
INSERT INTO `herois`.`heroi` (`id_heroi`, `heroi_nome`, `id_criador`, `id_liga`) VALUES (4, 'Batman', 4, 3);

COMMIT;

